{"cameraMode":{"drawMode":0,"name":"Shaded","section":"Shading Mode"},"sceneLighting":true,"audioPlay":false,"sceneViewState":{"m_AlwaysRefresh":false,"showFog":true,"showSkybox":true,"showFlares":true,"showImageEffects":true,"showParticleSystems":true,"showVisualEffectGraphs":true,"m_FxEnabled":true},"in2DMode":false,"pivot":{"x":-0.15035581588745118,"y":-0.04723358154296875,"z":85.6375503540039},"rotation":{"x":-0.32705438137054446,"y":0.21209505200386048,"z":-0.07556816190481186,"w":-0.9178144931793213},"size":2.0615527629852297,"orthographic":false}